,Review,Liked,aspect_category
0,Wow... Loved this place.,positive,B001E4KFG0
1,Crust is not good.,negative,B00813GRG4
2,Not tasty and the texture was just nasty.,negative,B000LQOCH0
3,Stopped by during the late May bank holiday off Rick Steve recommendation and loved it.,positive,B000UA0QIQ
4,The selection on the menu was great and so were the prices.,positive,B006K2ZZ7K
5,Now I am getting angry and I want my damn pho.,negative,B006K2ZZ7K
6,Honeslty it didn't taste THAT fresh.),negative,B006K2ZZ7K
7,The potatoes were like rubber and you could tell they had been made up ahead of time being kept under a warmer.,negative,B006K2ZZ7K
8,The fries were great too.,positive,B000E7L2R4
9,A great touch.,positive,B00171APVA
10,Service was very prompt.,positive,B0001PB9FE
11,Would not go back.,negative,B0009XLVG0
12,The cashier had no care what so ever on what I had to say it still ended up being wayyy overpriced.,negative,B0009XLVG0
13,"I tried the Cape Cod ravoli, chicken, with cranberry...mmmm!",positive,B001GVISJM
14,I was disgusted because I was pretty sure that was human hair.,negative,B001GVISJM
15,I was shocked because no signs indicate cash only.,negative,B001GVISJM
16,Highly recommended.,positive,B001GVISJM
17,Waitress was a little slow in service.,negative,B001GVISJM
18,"This place is not worth your time, let alone Vegas.",negative,B001GVISJM
19,did not like at all.,negative,B001GVISJM
20,The Burrittos Blah!,negative,B001GVISJM
21,"The food, amazing.",positive,B001GVISJM
22,Service is also cute.,positive,B001GVISJM
23,I could care less... The interior is just beautiful.,positive,B001GVISJM
24,So they performed.,positive,B001GVISJM
25,That's right....the red velvet cake.....ohhh this stuff is so good.,positive,B001GVISJM
26,- They never brought a salad we asked for.,negative,B001GVISJM
27,"This hole in the wall has great Mexican street tacos, and friendly staff.",positive,B001GVISJM
28,"Took an hour to get our food only 4 tables in restaurant my food was Luke warm, Our sever was running around like he was totally overwhelmed.",negative,B00144C10S
29,The worst was the salmon sashimi.,negative,B0001PB9FY
30,"Also there are combos like a burger, fries, and beer for 23 which is a decent deal.",positive,B003F6UO7K
31,This was like the final blow!,negative,B003F6UO7K
32,I found this place by accident and I could not be happier.,positive,B001EO5QW8
33,"seems like a good quick place to grab a bite of some familiar pub food, but do yourself a favor and look elsewhere.",negative,B001EO5QW8
34,"Overall, I like this place a lot.",positive,B001EO5QW8
35,The only redeeming quality of the restaurant was that it was very inexpensive.,positive,B001EO5QW8
36,Ample portions and good prices.,positive,B001EO5QW8
37,"Poor service, the waiter made me feel like I was stupid every time he came to the table.",negative,B001EO5QW8
38,My first visit to Hiro was a delight!,positive,B001EO5QW8
39,Service sucks.,negative,B001EO5QW8
40,The shrimp tender and moist.,positive,B001EO5QW8
41,There is not a deal good enough that would drag me into that establishment again.,negative,B001EO5QW8
42,Hard to judge whether these sides were good because we were grossed out by the melted styrofoam and didn't want to eat it for fear of getting sick.,negative,B001EO5QW8
43,"On a positive note, our server was very attentive and provided great service.",positive,B001EO5QW8
44,"Frozen pucks of disgust, with some of the worst people behind the register.",negative,B001EO5QW8
45,The only thing I did like was the prime rib and dessert section.,positive,B001EO5QW8
46,It's too bad the food is so damn generic.,negative,B001EO5QW8
47,"The burger is good beef, cooked just right.",positive,B001EO5QW8
48,If you want a sandwich just go to any Firehouse!!!!!,positive,B001EO5QW8
49,"My side Greek salad with the Greek dressing was so tasty, and the pita and hummus was very refreshing.",positive,B001EO5QW8
50,We ordered the duck rare and it was pink and tender on the inside with a nice char on the outside.,positive,B001EO5QW8
51,He came running after us when he realized my husband had left his sunglasses on the table.,positive,B000G6RPMY
52,Their chow mein is so good!,positive,B000G6RPMY
53,"They have horrible attitudes towards customers, and talk down to each one when customers don't enjoy their food.",negative,B000G6RPMY
54,The portion was huge!,positive,B002GWHC0G
55,"Loved it...friendly servers, great food, wonderful and imaginative menu.",positive,B002GWHC0G
56,The Heart Attack Grill in downtown Vegas is an absolutely flat-lined excuse for a restaurant.,negative,B004N5KULM
57,Not much seafood and like 5 strings of pasta at the bottom.,negative,B004N5KULM
58,"The salad had just the right amount of sauce to not over power the scallop, which was perfectly cooked.",positive,B004N5KULM
59,"The ripped banana was not only ripped, but petrified and tasteless.",negative,B004N5KULM
60,At least think to refill my water before I struggle to wave you over for 10 minutes.,negative,B004N5KULM
61,This place receives stars for their APPETIZERS!!!,positive,B004N5KULM
62,The cocktails are all handmade and delicious.,positive,B001EO5TPM
63,We'd definitely go back here again.,positive,B005DUM9UQ
64,We are so glad we found this place.,positive,B005DUM9UQ
65,"Great food and service, huge portions and they give a military discount.",positive,B005DUM9UQ
66,Always a great time at Dos Gringos!,positive,B005DUM9UQ
67,Update.....went back for a second time and it was still just as amazing,positive,B005DUM9UQ
68,We got the food and apparently they have never heard of salt and the batter on the fish was chewy.,negative,B000E7VI7S
69,A great way to finish a great.,positive,B000E7VI7S
70,"The deal included 5 tastings and 2 drinks, and Jeff went above and beyond what we expected.",positive,B001GVISJC
71,"- Really, really good rice, all the time.",positive,B001GVISJC
72,The service was meh.,negative,B006SQBRMA
73,"It took over 30 min to get their milkshake, which was nothing more than chocolate milk.",negative,B0059WXJKM
74,"I guess I should have known that this place would suck, because it is inside of the Excalibur, but I didn't use my common sense.",negative,B001EPPI84
75,The scallop dish is quite appalling for value as well.,negative,B001EPPI84
76,2 times - Very Bad Customer Service !,negative,B004X2KR36
77,The sweet potato fries were very good and seasoned well.,positive,B004X2KR36
78,Today is the second time I've been to their lunch buffet and it was pretty good.,positive,B004X2KR36
79,There is so much good food in Vegas that I feel cheated for wasting an eating opportunity by going to Rice and Company.,negative,B005R8JE8O
80,Coming here is like experiencing an underwhelming relationship where both parties can't wait for the other person to ask to break up.,negative,B0066DMI6Y
81,walked in and the place smelled like an old grease trap and only 2 others there eating.,negative,B0066DMI6Y
82,The turkey and roast beef were bland.,negative,B003ZFRKGO
83,This place has it!,positive,B0019CW0HE
84,The pan cakes everyone are raving about taste like a sugary disaster tailored to the palate of a six year old.,negative,B0019CW0HE
85,I love the Pho and the spring rolls oh so yummy you have to try.,positive,B0019CW0HE
86,The poor batter to meat ratio made the chicken tenders very unsatisfying.,negative,B0019CW0HE
87,All I have to say is the food was amazing!!!,positive,B0019CW0HE
88,Omelets are to die for!,positive,B0019CW0HE
89,Everything was fresh and delicious!,positive,B0019CW0HE
90,"In summary, this was a largely disappointing dining experience.",negative,B0019CW0HE
91,"It's like a really sexy party in your mouth, where you're outrageously flirting with the hottest person at the party.",positive,B0019CW0HE
92,"Never been to Hard Rock Casino before, WILL NEVER EVER STEP FORWARD IN IT AGAIN!",negative,B0019CW0HE
93,Best breakfast buffet!!!,positive,B0019CW0HE
94,say bye bye to your tip lady!,negative,B0019CW0HE
95,We'll never go again.,negative,B0019CW0HE
96,Will be back again!,positive,B0019CW0HE
97,Food arrived quickly!,positive,B0019CW0HE
98,It was not good.,negative,B0019CW0HE
99,"On the up side, their cafe serves really good food.",positive,B0019CW0HE
100,"Our server was fantastic and when he found out the wife loves roasted garlic and bone marrow, he added extra to our meal and another marrow to go!",positive,B004K2IHUO
101,"The only good thing was our waiter, he was very helpful and kept the bloddy mary's coming.",positive,B004K2IHUO
102,"Best Buffet in town, for the price you cannot beat it.",positive,B004K2IHUO
103,"I LOVED their mussels cooked in this wine reduction, the duck was tender, and their potato dishes were delicious.",positive,B004K2IHUO
104,This is one of the better buffets that I have been to.,positive,B004K2IHUO
105,So we went to Tigerlilly and had a fantastic afternoon!,positive,B004K2IHUO
106,"The food was delicious, our bartender was attentive and personable AND we got a great deal!",positive,B004K2IHUO
107,The ambience is wonderful and there is music playing.,positive,B001REEG6C
108,Will go back next trip out.,positive,B001REEG6C
109,Sooooo good!!,positive,B001REEG6C
110,"REAL sushi lovers, let's be honest - Yama is not that good.",negative,B000J0HIT2
111,"At least 40min passed in between us ordering and the food arriving, and it wasn't that busy.",negative,B0037LW78C
112,This is a really fantastic Thai restaurant which is definitely worth a visit.,positive,B0037LW78C
113,"Nice, spicy and tender.",positive,B0037LW78C
114,Good prices.,positive,B0037LW78C
115,Check it out.,positive,B0037LW78C
116,It was pretty gross!,negative,B0026Y3YBK
117,I've had better atmosphere.,negative,B0026Y3YBK
118,Kind of hard to mess up a steak but they did.,negative,B003SE19UK
119,"Although I very much liked the look and sound of this place, the actual experience was a bit disappointing.",negative,B003SE19UK
120,I just don't know how this place managed to served the blandest food I have ever eaten when they are preparing Indian cuisine.,negative,B003SE19UK
121,"Worst service to boot, but that is the least of their worries.",negative,B003SE19UK
122,Service was fine and the waitress was friendly.,positive,B003SE19UK
123,"The guys all had steaks, and our steak loving son who has had steak at the best and worst places said it was the best steak he's ever eaten.",positive,B003SE19UK
124,"We thought you'd have to venture further away to get good sushi, but this place really hit the spot that night.",positive,B003SE19UK
125,"Host staff were, for lack of a better word, BITCHES!",negative,B003SE19UK
126,Bland... Not a liking this place for a number of reasons and I don't want to waste time on bad reviewing.. I'll leave it at that...,negative,B003SE19UK
127,"Phenomenal food, service and ambiance.",positive,B003OB0IB8
128,I wouldn't return.,negative,B003OB0IB8
129,"Definitely worth venturing off the strip for the pork belly, will return next time I'm in Vegas.",positive,B003OB0IB8
130,This place is way too overpriced for mediocre food.,negative,B003OB0IB8
131,Penne vodka excellent!,positive,B003OB0IB8
132,"They have a good selection of food including a massive meatloaf sandwich, a crispy chicken wrap, a delish tuna melt and some tasty burgers.",positive,B003OB0IB8
133,The management is rude.,negative,B003OB0IB8
134,"Delicious NYC bagels, good selections of cream cheese, real Lox with capers even.",positive,B003OB0IB8
135,"Great Subway, in fact it's so good when you come here every other Subway will not meet your expectations.",positive,B003OB0IB8
136,I had a seriously solid breakfast here.,positive,B002SRYRE8
137,This is one of the best bars with food in Vegas.,positive,B002SRYRE8
138,"He was extremely rude and really, there are so many other restaurants I would love to dine at during a weekend in Vegas.",negative,B002SRYRE8
139,My drink was never empty and he made some really great menu suggestions.,positive,B002SRYRE8
140,Don't do it!!!!,negative,B001GVISJW
141,The waiter wasn't helpful or friendly and rarely checked on us.,negative,B001GVISJW
142,My husband and I ate lunch here and were very disappointed with the food and service.,negative,B001GVISJW
143,And the red curry had so much bamboo shoots and wasn't very tasty to me.,negative,B001GVISJW
144,Nice blanket of moz over top but i feel like this was done to cover up the subpar food.,positive,B001GVISJW
145,The bathrooms are clean and the place itself is well decorated.,positive,B0017I8UME
146,"The menu is always changing, food quality is going down & service is extremely slow.",negative,B0017I8UME
147,"The service was a little slow , considering that were served by 3 people servers so the food was coming in a slow pace.",negative,B0017I8UME
148,I give it 2 thumbs down,negative,B0064KU9HO
149,We watched our waiter pay a lot more attention to other tables and ignore us.,negative,B0037ZFEW4
150,My fianc√© and I came in the middle of the day and we were greeted and seated right away.,positive,B00374XSVY
151,This is a great restaurant at the Mandalay Bay.,positive,B00374XSVY
152,We waited for forty five minutes in vain.,negative,B005P0HHGK
153,Crostini that came with the salad was stale.,negative,B002HQAXUW
154,Some highlights : Great quality nigiri here!,positive,B000SV90J8
155,the staff is friendly and the joint is always clean.,positive,B000SV90J8
156,this was a different cut than the piece the other day but still wonderful and tender s well as well flavored.,positive,B0036VM05I
157,I ordered the Voodoo pasta and it was the first time I'd had really excellent pasta since going gluten free several years ago.,positive,B0036VM05I
158,this place is good.,positive,B000ITVLE2
159,"Unfortunately, we must have hit the bakery on leftover day because everything we ordered was STALE.",negative,B000ITVLE2
160,I came back today since they relocated and still not impressed.,negative,B000ITVLE2
161,I was seated immediately.,positive,B000ITVLE2
162,"Their menu is diverse, and reasonably priced.",positive,B000ITVLE2
163,Avoid at all cost!,negative,B000ITVLE2
164,Restaurant is always full but never a wait.,positive,B000ITVLE2
165,DELICIOUS!!,positive,B003TQQKFQ
166,This place is hands-down one of the best places to eat in the Phoenix metro area.,positive,B003TQQKFQ
167,So don't go there if you are looking for good food...,negative,B007B9J6G2
168,I've never been treated so bad.,negative,B0064KO0BU
169,Bacon is hella salty.,positive,B0064KO0BU
170,"We also ordered the spinach and avocado salad, the ingredients were sad and the dressing literally had zero taste.",negative,B0064KO0BU
171,"This really is how Vegas fine dining used to be, right down to the menus handed to the ladies that have no prices listed.",positive,B001IUKD76
172,The waitresses are very friendly.,positive,B001IUKD76
173,"Lordy, the Khao Soi is a dish that is not to be missed for curry lovers!",positive,B0081XN2HQ
174,Everything on the menu is terrific and we were also thrilled that they made amazing accommodations for our vegetarian daughter.,positive,B0025VRCJY
175,"Perhaps I caught them on an off night judging by the other reviews, but I'm not inspired to go back.",negative,B0025VRCJY
176,The service here leaves a lot to be desired.,negative,B0025VRCJY
177,"The atmosphere is modern and hip, while maintaining a touch of coziness.",positive,B0025VRCJY
178,"Not a weekly haunt, but definitely a place to come back to every once in a while.",positive,B0025VRCJY
179,We literally sat there for 20 minutes with no one asking to take our order.,negative,B005CJVVJ8
180,"The burger had absolutely no flavor - the meat itself was totally bland, the burger was overcooked and there was no charcoal flavor.",negative,B005CJVVJ8
181,I also decided not to send it back because our waitress looked like she was on the verge of having a heart attack.,negative,B005CJVVJ8
182,I dressed up to be treated so rudely!,negative,B005CJVVJ8
183,It was probably dirt.,negative,B001KUUNP6
184,"Love this place, hits the spot when I want something healthy but not lacking in quantity or flavor.",positive,B001KUUNP6
185,I ordered the Lemon raspberry ice cocktail which was also incredible.,positive,B001KUUNP6
186,"The food sucked, which we expected but it sucked more than we could have imagined.",negative,B000NY8ODS
187,Interesting decor.,positive,B00029XIZI
188,What I really like there is the crepe station.,positive,B004V6AH34
189,"Also were served hot bread and butter, and home made potato chips with bacon bits on top....very original and very good.",positive,B004V6AH34
190,you can watch them preparing the delicious food!),positive,B004V6AH34
191,Both of the egg rolls were fantastic.,positive,B004V6AH34
192,"When my order arrived, one of the gyros was missing.",negative,B004V6AH34
193,"I had a salad with the wings, and some ice cream for dessert and left feeling quite satisfied.",positive,B0028C44Z0
194,I'm not really sure how Joey's was voted best hot dog in the Valley by readers of Phoenix Magazine.,negative,B0028C44Z0
195,The best place to go for a tasty bowl of Pho!,positive,B0028C44Z0
196,The live music on Fridays totally blows.,negative,B0028C44Z0
197,I've never been more insulted or felt disrespected.,negative,B0028C44Z0
198,Very friendly staff.,positive,B0028C44Z0
199,It is worth the drive.,positive,B0028C44Z0
200,"I had heard good things about this place, but it exceeding every hope I could have dreamed of.",positive,B0028C44Z0
201,Food was great and so was the serivce!,positive,B0028C44Z0
202,The warm beer didn't help.,negative,B0028C44Z0
203,Great brunch spot.,positive,B0028C44Z0
204,Service is friendly and inviting.,positive,B0028C44Z0
205,Very good lunch spot.,positive,B0028C44Z0
206,I've lived here since 1979 and this was the first (and last) time I've stepped foot into this place.,negative,B0028C44Z0
207,The WORST EXPERIENCE EVER.,negative,B0028C44Z0
208,Must have been an off night at this place.,negative,B0028C44Z0
209,"The sides are delish - mixed mushrooms, yukon gold puree, white corn - beateous.",positive,B0009XLVGA
210,"If that bug never showed up I would have given a 4 for sure, but on the other side of the wall where this bug was climbing was the kitchen.",negative,B0009XLVGA
211,"For about 10 minutes, we we're waiting for her salad when we realized that it wasn't coming any time soon.",negative,B0009XLVGA
212,My friend loved the salmon tartar.,positive,B0009XLVGA
213,Won't go back.,negative,B0009XLVGA
214,Extremely Tasty!,positive,B002TDK0VK
215,Waitress was good though!,positive,B002TDK0VK
216,Soggy and not good.,negative,B002TDK0VK
217,The Jamaican mojitos are delicious.,positive,B0040WAG7Q
218,Which are small and not worth the price.,negative,B001EO5ZMO
219,- the food is rich so order accordingly.,positive,B001EO5ZMO
220,"The shower area is outside so you can only rinse, not take a full shower, unless you don't mind being nude for everyone to see!",negative,B001EO5ZMO
221,The service was a bit lacking.,negative,B001EO5ZMO
222,"Lobster Bisque, Bussell Sprouts, Risotto, Filet ALL needed salt and pepper..and of course there is none at the tables.",negative,B001EO5ZMO
223,Hopefully this bodes for them going out of business and someone who can cook can come in.,negative,B001EO5ZMO
224,"It was either too cold, not enough flavor or just bad.",negative,B001EO5ZMO
225,I loved the bacon wrapped dates.,positive,B001SATU8E
226,This is an unbelievable BARGAIN!,positive,B007JFV6RK
227,The folks at Otto always make us feel so welcome and special.,positive,B007JFV6RK
228,"As for the ""mains,"" also uninspired.",negative,B007JFV6RK
229,This is the place where I first had pho and it was amazing!!,positive,B001L4ELRW
230,This wonderful experience made this place a must-stop whenever we are in town again.,positive,B003SO503C
231,"If the food isn't bad enough for you, then enjoy dealing with the world's worst/annoying drunk people.",negative,B003SO503C
232,Very very fun chef.,positive,B003ZFXJDW
233,"Ordered a double cheeseburger & got a single patty that was falling apart (picture uploaded) Yeah, still sucks.",negative,B003ZFXJDW
234,Great place to have a couple drinks and watch any and all sporting events as the walls are covered with TV's.,positive,B003ZFXJDW
235,"If it were possible to give them zero stars, they'd have it.",negative,B001HTL6CY
236,"The descriptions said ""yum yum sauce"" and another said ""eel sauce"", yet another said ""spicy mayo""...well NONE of the rolls had sauces on them.",negative,B000WFRMRW
237,"I'd say that would be the hardest decision... Honestly, all of M's dishes taste how they are supposed to taste (amazing).",positive,B000WFRMRW
238,If she had not rolled the eyes we may have stayed... Not sure if we will go back and try it again.,negative,B001EO5ZME
239,"Everyone is very attentive, providing excellent customer service.",positive,B0093NIWVO
240,Horrible - don't waste your time and money.,negative,B001EO5ZMY
241,Now this dish was quite flavourful.,positive,B001EO5ZMY
242,By this time our side of the restaurant was almost empty so there was no excuse.,negative,B001EO5ZMY
243,"(It wasn't busy either) Also, the building was FREEZING cold.",negative,B001EO5ZMY
244,"like the other reviewer said ""you couldn't pay me to eat at this place again.""",negative,B001EO5ZMY
245,-Drinks took close to 30 minutes to come out at one point.,negative,B001EO5ZMY
246,"Seriously flavorful delights, folks.",positive,B007TFONH0
247,Much better than the other AYCE sushi place I went to in Vegas.,positive,B007TFONH0
248,The lighting is just dark enough to set the mood.,positive,B007TFONH0
249,Based on the sub-par service I received and no effort to show their gratitude for my business I won't be going back.,negative,B000GGKQSO
250,Owner's are really great people.!,positive,B007J32WX4
251,There is nothing privileged about working/eating there.,negative,B0017129DC
252,The Greek dressing was very creamy and flavorful.,positive,B0002567IW
253,"Overall, I don't think that I would take my parents to this place again because they made most of the similar complaints that I silently felt too.",negative,B0048IC328
254,Now the pizza itself was good the peanut sauce was very tasty.,positive,B0048IC328
255,We had 7 at our table and the service was pretty fast.,positive,B0048IC328
256,Fantastic service here.,positive,B0025WIAN0
257,I as well would've given godfathers zero stars if possible.,negative,B00821UN4M
258,They know how to make them here.,positive,B00821UN4M
259,very tough and very short on flavor!,negative,B00473RWXY
260,I hope this place sticks around.,positive,B002MV23XM
261,"I have been in more than a few bars in Vegas, and do not ever recall being charged for tap water.",negative,B002MV23XM
262,The restaurant atmosphere was exquisite.,positive,B000LKZK7C
263,"Good service, very clean, and inexpensive, to boot!",positive,B000LKZK7C
264,The seafood was fresh and generous in portion.,positive,B000LKZK7C
265,"Plus, it's only 8 bucks.",positive,B000LKZK7C
266,"The service was not up to par, either.",negative,B000LKZK7C
267,"Thus far, have only visited twice and the food was absolutely delicious each time.",positive,B000LKZK7C
268,Just as good as when I had it more than a year ago!,positive,B000LKZK7C
269,"For a self proclaimed coffee cafe, I was wildly disappointed.",negative,B000LKZK7C
270,The Veggitarian platter is out of this world!,positive,B000LKZK7C
271,You cant go wrong with any of the food here.,positive,B000LKZK7C
272,You can't beat that.,positive,B000LKZK7C
273,"Stopped by this place while in Madison for the Ironman, very friendly, kind staff.",positive,B000LKZK7C
274,The chefs were friendly and did a good job.,positive,B000LKZK7C
275,"I've had better, not only from dedicated boba tea spots, but even from Jenni Pho.",negative,B000LKZK7C
276,I liked the patio and the service was outstanding.,positive,B000LKZK7C
277,The goat taco didn't skimp on the meat and wow what FLAVOR!,positive,B001D07IPG
278,I think not again,negative,B001D07IPG
279,I had the mac salad and it was pretty bland so I will not be getting that again.,negative,B001D07IPG
280,I went to Bachi Burger on a friend's recommendation and was not disappointed.,positive,B001D07IPG
281,Service stinks here!,negative,B001D07IPG
282,I waited and waited.,negative,B001D07IPG
283,"This place is not quality sushi, it is not a quality restaurant.",negative,B000H13270
284,I would definitely recommend the wings as well as the pizza.,positive,B000H13270
285,Great Pizza and Salads!,positive,B000H13270
286,Things that went wrong: - They burned the saganaki.,negative,B000H13270
287,We waited an hour for what was a breakfast I could have done 100 times better at home.,negative,B001UJEN6C
288,This place is amazing!,positive,B001UJEN6C
289,"I hate to disagree with my fellow Yelpers, but my husband and I were so disappointed with this place.",negative,B001UJEN6C
290,Waited 2 hours & never got either of our pizzas as many other around us who came in later did!,negative,B001UJEN6C
291,Just don't know why they were so slow.,negative,B001UJEN6C
292,"The staff is great, the food is delish, and they have an incredible beer selection.",positive,B001UJEN6C
293,"I live in the neighborhood so I am disappointed I won't be back here, because it is a convenient location.",negative,B001UJEN6C
294,I didn't know pulled pork could be soooo delicious.,positive,B001UJEN6C
295,"You get incredibly fresh fish, prepared with care.",positive,B001UJEN6C
296,Before I go in to why I gave a 1 star rating please know that this was my third time eating at Bachi burger before writing a review.,negative,B001UJEN6C
297,I love the fact that everything on their menu is worth it.,positive,B001UJEN6C
298,Never again will I be dining at this place!,negative,B001UJEN6C
299,The food was excellent and service was very good.,positive,B001UJEN6C
300,Good beer & drink selection and good food selection.,positive,B001UJEN6C
301,Please stay away from the shrimp stir fried noodles.,negative,B001UJEN6C
302,The potato chip order was sad... I could probably count how many chips were in that box and it was probably around 12.,negative,B001UJEN6C
303,Food was really boring.,negative,B001UJEN6C
304,Good Service-check!,positive,B001UJEN6C
305,This greedy corporation will NEVER see another dime from me!,negative,B001UJEN6C
306,"Will never, ever go back.",negative,B003EMU7EU
307,"As much as I'd like to go back, I can't get passed the atrocious service and will never return.",negative,B0064KOUNI
308,"In the summer, you can dine in a charming outdoor patio - so very delightful.",positive,B003YDP5PA
309,I did not expect this to be so good!,positive,B003YDP5PA
310,Fantastic food!,positive,B003YDP5PA
311,She ordered a toasted English muffin that came out untoasted.,negative,B003YDP5PA
312,The food was very good.,positive,B002X9JNYU
313,Never going back.,negative,B001EPQ0J0
314,"Great food for the price, which is very high quality and house made.",positive,B001EPQ0J0
315,The bus boy on the other hand was so rude.,negative,B001EPQ0J0
316,"By this point, my friends and I had basically figured out this place was a joke and didn't mind making it publicly and loudly known.",negative,B000O9Y62A
317,"Back to good BBQ, lighter fare, reasonable pricing and tell the public they are back to the old ways.",positive,B000O9Y62A
318,"And considering the two of us left there very full and happy for about $20, you just can't go wrong.",positive,B00283TPYE
319,All the bread is made in-house!,positive,B001FB69YY
320,The only downside is the service.,negative,B004OYBN7C
321,"Also, the fries are without a doubt the worst fries I've ever had.",negative,B000JEHAHS
322,Service was exceptional and food was a good as all the reviews.,positive,B000JEHAHS
323,"A couple of months later, I returned and had an amazing meal.",positive,B000JEHAHS
324,Favorite place in town for shawarrrrrrma!!!!!!,positive,B000JEHAHS
325,The black eyed peas and sweet potatoes... UNREAL!,positive,B003VTN95K
326,You won't be disappointed.,positive,B003VTN95K
327,"They could serve it with just the vinaigrette and it may make for a better overall dish, but it was still very good.",positive,B003VTN95K
328,"I go to far too many places and I've never seen any restaurant that serves a 1 egg breakfast, especially for $4.00.",negative,B003VTN95K
329,When my mom and I got home she immediately got sick and she only had a few bites of salad.,negative,B003VTN95K
330,The servers are not pleasant to deal with and they don't always honor Pizza Hut coupons.,negative,B003VTN95K
331,"Both of them were truly unbelievably good, and I am so glad we went back.",positive,B007DJ0O9I
332,"We had fantastic service, and were pleased by the atmosphere.",positive,B007DJ0O9I
333,Everything was gross.,negative,B00469VSJI
334,I love this place.,positive,B00469VSJI
335,Great service and food.,positive,B00469VSJI
336,First - the bathrooms at this location were dirty- Seat covers were not replenished & just plain yucky!!!,negative,B002SRAU80
337,"The burger... I got the ""Gold Standard"" a $17 burger and was kind of disappointed.",negative,B0067LDV66
338,"OMG, the food was delicioso!",positive,B0067LDV66
339,There is nothing authentic about this place.,negative,B000HKYP9A
340,the spaghetti is nothing special whatsoever.,negative,B000HKYP9A
341,"Of all the dishes, the salmon was the best, but all were great.",positive,B000HKYP9A
342,The vegetables are so fresh and the sauce feels like authentic Thai.,positive,B000HKYP9A
343,It's worth driving up from Tucson!,positive,B000HKYP9A
344,The selection was probably the worst I've seen in Vegas.....there was none.,negative,B000HKYP9A
345,Pretty good beer selection too.,positive,B000HKYP9A
346,"This place is like Chipotle, but BETTER.",positive,B000HKYP9A
347,"Classy/warm atmosphere, fun and fresh appetizers, succulent steaks (Baseball steak!!!!!",positive,B00067AD4U
348,5 stars for the brick oven bread app!,positive,B00067AD4U
349,"I have eaten here multiple times, and each time the food was delicious.",positive,B00067AD4U
350,We sat another ten minutes and finally gave up and left.,negative,B00067AD4U
351,He was terrible!,negative,B0029OWDAU
352,Everyone is treated equally special.,positive,B000SEJ84M
353,It shouldn't take 30 min for pancakes and eggs.,negative,B001LMNXFA
354,It was delicious!!!,positive,B001LMNXFA
355,"On the good side, the staff was genuinely pleasant and enthusiastic - a real treat.",positive,B002J2DO8W
356,"Sadly, Gordon Ramsey's Steak is a place we shall sharply avoid during our next trip to Vegas.",negative,B000U9V5AU
357,As always the evening was wonderful and the food delicious!,positive,B001SB099M
358,Best fish I've ever had in my life!,positive,B0041QJSJS
359,(The bathroom is just next door and very nice.),positive,B0041QJSJS
360,The buffet is small and all the food they offered was BLAND.,negative,B0041QJSJS
361,This is an Outstanding little restaurant with some of the Best Food I have ever tasted.,positive,B0041QJSJS
362,Pretty cool I would say.,positive,B0041QJSJS
363,Definitely a turn off for me & i doubt I'll be back unless someone else is buying.,negative,B00437JI8Q
364,Server did a great job handling our large rowdy table.,positive,B00437JI8Q
365,"I find wasting food to be despicable, but this just wasn't food.",negative,B00437JI8Q
366,My wife had the Lobster Bisque soup which was lukewarm.,negative,B00437JI8Q
367,Would come back again if I had a sushi craving while in Vegas.,positive,B00437JI8Q
368,"The staff are great, the ambiance is great.",positive,B002O3VHXU
369,He deserves 5 stars.,positive,B002O3VHXU
370,I left with a stomach ache and felt sick the rest of the day.,negative,B002O3VHXU
371,They dropped more than the ball.,negative,B002O3VHXU
372,"The dining space is tiny, but elegantly decorated and comfortable.",positive,B002O3VHXU
373,"They will customize your order any way you'd like, my usual is Eggplant with Green Bean stir fry, love it!",positive,B002O3VHXU
374,And the beans and rice were mediocre at best.,negative,B0057FTBYO
375,Best tacos in town by far!!,positive,B0087HW5E2
376,I took back my money and got outta there.,negative,B003YXWAF8
377,"In an interesting part of town, this place is amazing.",positive,B003YXWAF8
378,RUDE & INCONSIDERATE MANAGEMENT.,negative,B003YXWAF8
379,"The staff are now not as friendly, the wait times for being served are horrible, no one even says hi for the first 10 minutes.",negative,B003YXWAF8
380,I won't be back.,negative,B003YXWAF8
381,They have great dinners.,positive,B003YXWAF8
382,The service was outshining & I definitely recommend the Halibut.,positive,B000UXA3L8
383,The food was terrible.,negative,B000UXA3L8
384,WILL NEVER EVER GO BACK AND HAVE TOLD MANY PEOPLE WHAT HAD HAPPENED.,negative,B004AVYUOW
385,I don't recommend unless your car breaks down in front of it and you are starving.,negative,B001ESOQAM
386,I will come back here every time I'm in Vegas.,positive,B001ESOQAM
387,This place deserves one star and 90% has to do with the food.,negative,B001ESOQAM
388,This is a disgrace.,negative,B001ESOQAM
389,Def coming back to bowl next time,positive,B001ESOQA2
390,"If you want healthy authentic or ethic food, try this place.",positive,B003XT4AV0
391,I will continue to come here on ladies night andddd date night ... highly recommend this place to anyone who is in the area.,positive,B003XT4AV0
392,"I have been here several times in the past, and the experience has always been great.",positive,B001FA1MCO
393,We walked away stuffed and happy about our first Vegas buffet experience.,positive,B001FA1MCO
394,Service was excellent and prices are pretty reasonable considering this is Vegas and located inside the Crystals shopping mall by Aria.,positive,B001ELL6O8
395,"To summarize... the food was incredible, nay, transcendant... but nothing brings me joy quite like the memory of the pneumatic condiment dispenser.",positive,B001ELL6O8
396,I'm probably one of the few people to ever go to Ians and not like it.,negative,B001ELL6O8
397,Kids pizza is always a hit too with lots of great side dish options for the kiddos!,positive,B001ELL6O8
398,Service is perfect and the family atmosphere is nice to see.,positive,B001ELL6O8
399,Cooked to perfection and the service was impeccable.,positive,B001ELL6O8
400,This one is simply a disappointment.,negative,B001ELL6O8
401,"Overall, I was very disappointed with the quality of food at Bouchon.",negative,B001ELL6O8
402,I don't have to be an accountant to know I'm getting screwed!,negative,B001ELL6O8
403,"Great place to eat, reminds me of the little mom and pop shops in the San Francisco Bay Area.",positive,B006CGURWM
404,Today was my first taste of a Buldogis Gourmet Hot Dog and I have to tell you it was more than I ever thought possible.,positive,B00250I0EG
405,Left very frustrated.,negative,B000C21OOM
406,I'll definitely be in soon again.,positive,B003D4O92K
407,Food was really good and I got full petty fast.,positive,B003D4O92K
408,Service was fantastic.,positive,B001IZM8A6
409,TOTAL WASTE OF TIME.,negative,B001IZM8A6
410,I don't know what kind it is but they have the best iced tea.,positive,B0089PI9OC
411,"Come hungry, leave happy and stuffed!",positive,B00061KYVI
412,"For service, I give them no stars.",negative,B00061KYVI
413,I can assure you that you won't be disappointed.,positive,B00061KYVI
414,I can take a little bad service but the food sucks.,negative,B003XV5LHK
415,Gave up trying to eat any of the crust (teeth still sore).,negative,B005WU7V00
416,But now I was completely grossed out.,negative,B005CFC9XY
417,I really enjoyed eating here.,positive,B000SEJ842
418,First time going but I think I will quickly become a regular.,positive,B004X8TK8I
419,"Our server was very nice, and even though he looked a little overwhelmed with all of our needs, he stayed professional and friendly until the end.",positive,B004X8TK8I
420,From what my dinner companions told me...everything was very fresh with nice texture and taste.,positive,B004X8TK8I
421,"On the ground, right next to our table was a large, smeared, been-stepped-in-and-tracked-everywhere pile of green bird poop.",negative,B004X8TK8I
422,"Furthermore, you can't even find hours of operation on the website!",negative,B000G6RYNE
423,We've tried to like this place but after 10+ times I think we're done with them.,negative,B000G6RYNE
424,What a mistake that was!,negative,B000G6RYNE
425,No complaints!,positive,B000G6RYNE
426,This is some seriously good pizza and I'm an expert/connisseur on the topic.,positive,B000G6RYNE
427,Waiter was a jerk.,negative,B000G6RYNE
428,"Strike 2, who wants to be rushed.",negative,B000G6RYNE
429,These are the nicest restaurant owners I've ever come across.,positive,B000G6RYNE
430,I never come again.,negative,B000G6RYNE
431,We loved the biscuits!!!,positive,B000G6RYNE
432,Service is quick and friendly.,positive,B000G6RYNE
433,Ordered an appetizer and took 40 minutes and then the pizza another 10 minutes.,negative,B000G6RYNE
434,So absolutley fantastic.,positive,B000G6RYNE
435,It was a huge awkward 1.5lb piece of cow that was 3/4ths gristle and fat.,negative,B000G6RYNE
436,definitely will come back here again.,positive,B000G6RYNE
437,I like Steiners because it's dark and it feels like a bar.,positive,B000G6RYNE
438,Wow very spicy but delicious.,positive,B000G6RYNE
439,"If you're not familiar, check it out.",positive,B000G6RYNE
440,I'll take my business dinner dollars elsewhere.,negative,B000G6RYNE
441,I'd love to go back.,positive,B000G6RYNE
442,"Anyway, this FS restaurant has a wonderful breakfast/lunch.",positive,B000G6RYNE
443,Nothing special.,negative,B000G6RYNE
444,Each day of the week they have a different deal and it's all so delicious!,positive,B000G6RYNE
445,"Not to mention the combination of pears, almonds and bacon is a big winner!",positive,B000G6RYNE
446,Will not be back.,negative,B000G6RYNE
447,Sauce was tasteless.,negative,B000G6RYNE
448,"The food is delicious and just spicy enough, so be sure to ask for spicier if you prefer it that way.",positive,B000G6RYNE
449,My ribeye steak was cooked perfectly and had great mesquite flavor.,positive,B000G6RYNE
450,I don't think we'll be going back anytime soon.,negative,B000G6RYNE
451,Food was so gooodd.,positive,B000G6RYNE
452,I am far from a sushi connoisseur but I can definitely tell the difference between good food and bad food and this was certainly bad food.,negative,B000G6RYNE
453,I was so insulted.,negative,B000G6RYNE
454,The last 3 times I had lunch here has been bad.,negative,B000G6RYNE
455,The chicken wings contained the driest chicken meat I have ever eaten.,negative,B000G6RYNE
456,"The food was very good and I enjoyed every mouthful, an enjoyable relaxed venue for couples small family groups etc.",positive,B000G6RYNE
457,Nargile - I think you are great.,positive,B000G6RYNE
458,Best tater tots in the southwest.,positive,B000G6RYNE
459,We loved the place.,positive,B000G6RYNE
460,Definitely not worth the $3 I paid.,negative,B000G6RYNE
461,The vanilla ice cream was creamy and smooth while the profiterole (choux) pastry was fresh enough.,positive,B000G6RYNE
462,Im in AZ all the time and now have my new spot.,positive,B000G6RYNE
463,The manager was the worst.,negative,B000G6RYNE
464,The inside is really quite nice and very clean.,positive,B000G6RYNE
465,The food was outstanding and the prices were very reasonable.,positive,B000G6RYNE
466,I don't think I'll be running back to Carly's anytime soon for food.,negative,B000G6RYNE
467,"This is was due to the fact that it took 20 minutes to be acknowledged, then another 35 minutes to get our food...and they kept forgetting things.",negative,B000G6RYNE
468,"Love the margaritas, too!",positive,B000G6RYNE
469,This was my first and only Vegas buffet and it did not disappoint.,positive,B000G6RYNE
470,"Very good, though!",positive,B000G6RYNE
471,The one down note is the ventilation could use some upgrading.,negative,B000G6RYNE
472,Great pork sandwich.,positive,B000G6RYNE
473,Don't waste your time here.,negative,B000G6RYNE
474,"Total letdown, I would much rather just go to the Camelback Flower Shop and Cartel Coffee.",negative,B000G6RYNE
475,"Third, the cheese on my friend's burger was cold.",negative,B000G6RYNE
476,We enjoy their pizza and brunch.,positive,B000G6RYNE
477,The steaks are all well trimmed and also perfectly cooked.,positive,B000G6RYNE
478,We had a group of 70+ when we claimed we would only have 40 and they handled us beautifully.,positive,B000G6RYNE
479,I LOVED it!,positive,B000G6RYNE
480,We asked for the bill to leave without eating and they didn't bring that either.,negative,B000G6RYNE
481,"This place is a jewel in Las Vegas, and exactly what I've been hoping to find in nearly ten years living here.",positive,B000G6RYNE
482,Seafood was limited to boiled shrimp and crab legs but the crab legs definitely did not taste fresh.,negative,B000G6RYNE
483,The selection of food was not the best.,negative,B000G6RYNE
484,Delicious and I will absolutely be back!,positive,B000G6RYNE
485,"This isn't a small family restaurant, this is a fine dining establishment.",positive,B000G6RYNE
486,They had a toro tartare with a cavier that was extraordinary and I liked the thinly sliced wagyu with white truffle.,positive,B000G6RYNE
487,I dont think I will be back for a very long time.,negative,B000G6RYNE
488,"It was attached to a gas station, and that is rarely a good sign.",negative,B000G6RYNE
489,How awesome is that.,positive,B000G6RYNE
490,I will be back many times soon.,positive,B000G6RYNE
491,The menu had so much good stuff on it i could not decide!,positive,B000G6RYNE
492,"Worse of all, he humiliated his worker right in front of me..Bunch of horrible name callings.",negative,B000G6RYNE
493,CONCLUSION: Very filling meals.,positive,B000G6RYNE
494,Their daily specials are always a hit with my group.,positive,B000G6RYNE
495,And then tragedy struck.,negative,B000G6RYNE
496,The pancake was also really good and pretty large at that.,positive,B000G6RYNE
497,"This was my first crawfish experience, and it was delicious!",positive,B000G6RYNE
498,Their monster chicken fried steak and eggs is my all time favorite.,positive,B000G6RYNE
499,Waitress was sweet and funny.,positive,B000G6RYNE
500,"I also had to taste my Mom's multi-grain pumpkin pancakes with pecan butter and they were amazing, fluffy, and delicious!",positive,B000G6RYNE
501,"I'd rather eat airline food, seriously.",negative,B000G6RYNE
502,Cant say enough good things about this place.,positive,B000G6RYNE
503,The ambiance was incredible.,positive,B000G6RYNE
504,The waitress and manager are so friendly.,positive,B000G6RYNE
505,I would not recommend this place.,negative,B000G6RYNE
506,Overall I wasn't very impressed with Noca.,negative,B000G6RYNE
507,My gyro was basically lettuce only.,negative,B000G6RYNE
508,Terrible service!,negative,B000G6RYNE
509,Thoroughly disappointed!,negative,B000G6RYNE
510,"I don't each much pasta, but I love the homemade /hand made pastas and thin pizzas here.",positive,B000G6RYNE
511,"Give it a try, you will be happy you did.",positive,B000G6RYNE
512,By far the BEST cheesecurds we have ever had!,positive,B000G6RYNE
513,Reasonably priced also!,positive,B000G6RYNE
514,Everything was perfect the night we were in.,positive,B000G6RYNE
515,The food is very good for your typical bar food.,positive,B000G6RYNE
516,it was a drive to get there.,negative,B000G6RYNE
517,"At first glance it is a lovely bakery cafe - nice ambiance, clean, friendly staff.",positive,B000G6RYNE
518,"Anyway, I do not think i will go back there.",negative,B000G6RYNE
519,"Point your finger at any item on the menu, order it and you won't be disappointed.",positive,B000G6RYNE
520,"Oh this is such a thing of beauty, this restaurant.",positive,B000G6RYNE
521,If you haven't gone here GO NOW!,positive,B000G6RYNE
522,"A greasy, unhealthy meal.",negative,B000G6RYNE
523,first time there and might just be the last.,negative,B000G6RYNE
524,Those burgers were amazing.,positive,B000G6RYNE
525,"Similarly, the delivery man did not say a word of apology when our food was 45 minutes late.",negative,B000G6RYNE
526,And it was way to expensive.,negative,B000G6RYNE
527,"Be sure to order dessert, even if you need to pack it to-go - the tiramisu and cannoli are both to die for.",positive,B000G6RYNE
528,This was my first time and I can't wait until the next.,positive,B000G6RYNE
529,The bartender was also nice.,positive,B000G6RYNE
530,Everything was good and tasty!,positive,B000G6RYNE
531,This place is two thumbs up....way up.,positive,B000G6RYNE
532,"The best place in Vegas for breakfast (just check out a Sat, or Sun.",positive,B000G6RYNE
533,"If you love authentic Mexican food and want a whole bunch of interesting, yet delicious meats to choose from, you need to try this place.",positive,B000G6RYNE
534,Terrible management.,negative,B000G6RYNE
535,An excellent new restaurant by an experienced Frenchman.,positive,B000G6RYNE
536,If there were zero stars I would give it zero stars.,negative,B000G6RYNE
537,"Great steak, great sides, great wine, amazing desserts.",positive,B000G6RYNE
538,Worst martini ever!,negative,B000G6RYNE
539,The steak and the shrimp are in my opinion the best entrees at GC.,positive,B000G6RYNE
540,I had the opportunity today to sample your amazing pizzas!,positive,B000G6RYNE
541,We waited for thirty minutes to be seated (although there were 8 vacant tables and we were the only folks waiting).,negative,B000G6RYNE
542,The yellowtail carpaccio was melt in your mouth fresh.,positive,B000G6RYNE
543,I won't try going back there even if it's empty.,negative,B000G6RYNE
544,"No, I'm going to eat the potato that I found some strangers hair in it.",negative,B000G6RYNE
545,Just spicy enough.. Perfect actually.,positive,B000G6RYNE
546,Last night was my second time dining here and I was so happy I decided to go back!,positive,B000G6RYNE
547,"not even a ""hello, we will be right with you.""",negative,B000G6RYNE
548,The desserts were a bit strange.,negative,B000G6RYNE
549,My boyfriend and I came here for the first time on a recent trip to Vegas and could not have been more pleased with the quality of food and service.,positive,B000G6RYNE
550,"I really do recommend this place, you can go wrong with this donut place!",positive,B000G6RYNE
551,Nice ambiance.,positive,B000G6RYNE
552,I would recommend saving room for this!,positive,B000G6RYNE
553,I guess maybe we went on an off night but it was disgraceful.,negative,B000G6RYNE
554,"However, my recent experience at this particular location was not so good.",negative,B000G6RYNE
555,"I know this is not like the other restaurants at all, something is very off here!",negative,B000G6RYNE
556,AVOID THIS ESTABLISHMENT!,negative,B000G6RYNE
557,I think this restaurant suffers from not trying hard enough.,negative,B000G6RYNE
558,All of the tapas dishes were delicious!,positive,B000G6RYNE
559,I *heart* this place.,positive,B000G6RYNE
560,My salad had a bland vinegrette on the baby greens and hearts of Palm.,negative,B000G6RYNE
561,After two I felt disgusting.,negative,B000G6RYNE
562,A good time!,positive,B000G6RYNE
563,I believe that this place is a great stop for those with a huge belly and hankering for sushi.,positive,B000G6RYNE
564,Generous portions and great taste.,positive,B000G6RYNE
565,I will never go back to this place and will never ever recommended this place to anyone!,negative,B000G6RYNE
566,"The servers went back and forth several times, not even so much as an ""Are you being helped?""",negative,B000G6RYNE
567,Food was delicious!,positive,B000G6RYNE
568,AN HOUR... seriously?,negative,B000G6RYNE
569,I consider this theft.,negative,B000G6RYNE
570,Eew... This location needs a complete overhaul.,negative,B000G6RYNE
571,We recently witnessed her poor quality of management towards other guests as well.,negative,B000G6RYNE
572,Waited and waited and waited.,negative,B000G6RYNE
573,"He also came back to check on us regularly, excellent service.",positive,B000G6RYNE
574,Our server was super nice and checked on us many times.,positive,B000G6RYNE
575,"The pizza tasted old, super chewy in not a good way.",negative,B000G6RYNE
576,I swung in to give them a try but was deeply disappointed.,negative,B000G6RYNE
577,Service was good and the company was better!,positive,B000G6RYNE
578,The staff are also very friendly and efficient.,positive,B000G6RYNE
579,"As for the service: I'm a fan, because it's quick and you're being served by some nice folks.",positive,B000G6RYNE
580,Boy was that sucker dry!!.,negative,B000G6RYNE
581,Over rated.,negative,B000G6RYNE
582,"If you look for authentic Thai food, go else where.",negative,B000G6RYNE
583,Their steaks are 100% recommended!,positive,B000G6RYNE
584,After I pulled up my car I waited for another 15 minutes before being acknowledged.,negative,B000G6RYNE
585,Great food and great service in a clean and friendly setting.,positive,B000G6RYNE
586,"All in all, I can assure you I'll be back.",positive,B000G6RYNE
587,I hate those things as much as cheap quality black olives.,negative,B000G6RYNE
588,"My breakfast was perpared great, with a beautiful presentation of 3 giant slices of Toast, lightly dusted with powdered sugar.",positive,B000G6RYNE
589,The kids play area is NASTY!,negative,B000G6RYNE
590,Great place fo take out or eat in.,positive,B000G6RYNE
591,The waitress was friendly and happy to accomodate for vegan/veggie options.,positive,B000G6RYNE
592,OMG I felt like I had never eaten Thai food until this dish.,positive,B000G6RYNE
593,"It was extremely ""crumby"" and pretty tasteless.",negative,B000G6RYNE
594,It was a pale color instead of nice and char and has NO flavor.,negative,B000G6RYNE
595,The croutons also taste homemade which is an extra plus.,positive,B000G6RYNE
596,I got home to see the driest damn wings ever!,negative,B000G6RYNE
597,It'll be a regular stop on my trips to Phoenix!,positive,B000G6RYNE
598,I really enjoyed Crema Caf√© before they expanded. I even told friends they had the BEST breakfast.,positive,B000G6RYNE
599,Not good for the money.,negative,B000G6RYNE
600,I miss it and wish they had one in Philadelphia!,positive,B000G6RYNE
601,"We got sitting fairly fast, but, ended up waiting 40 minutes just to place our order, another 30 minutes before the food arrived.",negative,B000G6RYNE
602,They also have the best cheese crisp in town.,positive,B000G6RYNE
603,"Good value, great food, great service.",positive,B000G6RYNE
604,Couldn't ask for a more satisfying meal.,positive,B000G6RYNE
605,The food is good.,positive,B000G6RYNE
606,It was awesome.,positive,B000G6RYNE
607,I just wanted to leave.,negative,B000G6RYNE
608,We made the drive all the way from North Scottsdale... and I was not one bit disappointed!,positive,B000G6RYNE
609,I will not be eating there again.,negative,B000G6RYNE
610,!....THE OWNERS REALLY REALLY need to quit being soooooo cheap let them wrap my freaking sandwich in two papers not one!,negative,B000G6RYNE
611,I checked out this place a couple years ago and was not impressed.,negative,B000G6RYNE
612,"The chicken I got was definitely reheated and was only ok, the wedges were cold and soggy.",negative,B000G6RYNE
613,"Sorry, I will not be getting food from here anytime soon :(",negative,B000G6RYNE
614,An absolute must visit!,positive,B000G6RYNE
615,The cow tongue and cheek tacos are amazing.,positive,B000G6RYNE
616,My friend did not like his Bloody Mary.,negative,B000G6RYNE
617,"Despite how hard I rate businesses, its actually rare for me to give a 1 star.",negative,B000G6RYNE
618,They really want to make your experience a good one.,positive,B000G6RYNE
619,I will not return.,negative,B000G6RYNE
620,I had the chicken Pho and it tasted very bland.,negative,B000G6RYNE
621,Very disappointing!!!,negative,B000G6RYNE
622,The grilled chicken was so tender and yellow from the saffron seasoning.,positive,B000G6RYNE
623,"a drive thru means you do not want to wait around for half an hour for your food, but somehow when we end up going here they make us wait and wait.",negative,B000G6RYNE
624,Pretty awesome place.,positive,B000G6RYNE
625,Ambience is perfect.,positive,B000G6RYNE
626,Best of luck to the rude and non-customer service focused new management.,negative,B000G6RYNE
627,Any grandmother can make a roasted chicken better than this one.,negative,B000G6RYNE
628,I asked multiple times for the wine list and after some time of being ignored I went to the hostess and got one myself.,negative,B000G6RYNE
629,"The staff is always super friendly and helpful, which is especially cool when you bring two small boys and a baby!",positive,B000G6RYNE
630,Four stars for the food & the guy in the blue shirt for his great vibe & still letting us in to eat !,positive,B000G6RYNE
631,The roast beef sandwich tasted really good!,positive,B000G6RYNE
632,"Same evening, him and I are both drastically sick.",negative,B000G6RYNE
633,High-quality chicken on the chicken Caesar salad.,positive,B000G6RYNE
634,Ordered burger rare came in we'll done.,negative,B000G6RYNE
635,We were promptly greeted and seated.,positive,B000G6RYNE
636,Tried to go here for lunch and it was a madhouse.,negative,B000G6RYNE
637,"I was proven dead wrong by this sushi bar, not only because the quality is great, but the service is fast and the food, impeccable.",positive,B000G6RYNE
638,"After waiting an hour and being seated, I was not in the greatest of moods.",negative,B000G6RYNE
639,This is a good joint.,positive,B001EPPFGO
640,The Macarons here are insanely good.,positive,B001EPPFGO
641,I'm not eating here!,negative,B001EPPFGO
642,"Our waiter was very attentive, friendly, and informative.",positive,B001EPPFGO
643,Maybe if they weren't cold they would have been somewhat edible.,negative,B001EPPFGO
644,This place has a lot of promise but fails to deliver.,negative,B007F96QQQ
645,Very bad Experience!,negative,B002HQH04O
646,What a mistake.,negative,B002HQH04O
647,Food was average at best.,negative,B0025Z7CGI
648,Great food.,positive,B007SESJWC
649,We won't be going back anytime soon!,negative,B001EPPCNK
650,Very Very Disappointed ordered the $35 Big Bay Plater.,negative,B001EPPCNK
651,Great place to relax and have an awesome burger and beer.,positive,B002U56JXU
652,It is PERFECT for a sit-down family meal or get together with a few friends.,positive,B002U56JXU
653,"Not much flavor to them, and very poorly constructed.",negative,B002BCD2OG
654,The patio seating was very comfortable.,positive,B002BCD2OG
655,The fried rice was dry as well.,negative,B002BCD2OG
656,Hands down my favorite Italian restaurant!,positive,B002BCD2OG
657,"That just SCREAMS ""LEGIT"" in my book...somethat's also pretty rare here in Vegas.",positive,B002BCD2OG
658,It was just not a fun experience.,positive,B002BCD2OG
659,The atmosphere was great with a lovely duo of violinists playing songs we requested.,positive,B002BCD2OG
660,"I personally love the hummus, pita, baklava, falafels and Baba Ganoush (it's amazing what they do with eggplant!).",positive,B002BCD2OG
661,"Very convenient, since we were staying at the MGM!",positive,B002BCD2OG
662,The owners are super friendly and the staff is courteous.,positive,B002BCD2OG
663,Both great!,positive,B002BCD2OG
664,Eclectic selection.,positive,B002BCD2OG
665,The sweet potato tots were good but the onion rings were perfection or as close as I have had.,positive,B002BCD2OG
666,The staff was very attentive.,positive,B002BCD2OG
667,And the chef was generous with his time (even came around twice so we can take pictures with him).,positive,B002BCD2OG
668,"The owner used to work at Nobu, so this place is really similar for half the price.",positive,B002BCD2OG
669,Google mediocre and I imagine Smashburger will pop up.,negative,B002BCD2OG
670,dont go here.,negative,B002BCD2OG
671,I promise they won't disappoint.,positive,B002BCD2OG
672,As a sushi lover avoid this place by all means.,negative,B002BCD2OG
673,What a great double cheeseburger!,positive,B00112B9T2
674,Awesome service and food.,positive,B000G6MBX2
675,A fantastic neighborhood gem !!!,positive,B000G6MBX2
676,I can't wait to go back.,positive,B000G6MBX2
677,The plantains were the worst I've ever tasted.,negative,B000G6MBX2
678,It's a great place and I highly recommend it.,positive,B000G6MBX2
679,Service was slow and not attentive.,negative,B000G6MBX2
680,"I gave it 5 stars then, and I'm giving it 5 stars now.",positive,B000G6MBX2
681,Your staff spends more time talking to themselves than me.,negative,B000G6MBX2
682,Dessert: Panna Cotta was amazing.,positive,B000G6MBX2
683,"Very good food, great atmosphere.1",positive,B000G6MBX2
684,Damn good steak.,positive,B000G6MBX2
685,Total brunch fail.,negative,B000G6MBX2
686,"Prices are very reasonable, flavors are spot on, the sauce is home made, and the slaw is not drenched in mayo.",positive,B000G6MBX2
687,"The decor is nice, and the piano music soundtrack is pleasant.",positive,B000G6MBX2
688,The steak was amazing...rge fillet relleno was the best seafood plate i have ever had!,positive,B000G6MBX2
689,"Good food , good service .",positive,B000G6MBX2
690,It was absolutely amazing.,positive,B000G6MBX2
691,"I probably won't be back, to be honest.",negative,B000G6MBX2
692,will definitely be back!,positive,B000G6MBX2
693,The sergeant pepper beef sandwich with auju sauce is an excellent sandwich as well.,positive,B000G6MBX2
694,"Hawaiian Breeze, Mango Magic, and Pineapple Delight are the smoothies that I've tried so far and they're all good.",positive,B000G6MBX2
695,Went for lunch - service was slow.,negative,B000G6MBX2
696,"We had so much to say about the place before we walked in that he expected it to be amazing, but was quickly disappointed.",negative,B000G6MBX2
697,I was mortified.,negative,B000G6MBX2
698,"Needless to say, we will never be back here again.",negative,B000G6MBX2
699,"Anyways, The food was definitely not filling at all, and for the price you pay you should expect more.",negative,B000G6MBX2
700,"The chips that came out were dripping with grease, and mostly not edible.",negative,B000G6MBX2
701,I wasn't really impressed with Strip Steak.,negative,B000G6MBX2
702,Have been going since 2007 and every meal has been awesome!!,positive,B000G6MBX2
703,Our server was very nice and attentive as were the other serving staff.,positive,B000G6MBX2
704,The cashier was friendly and even brought the food out to me.,positive,B000G6MBX2
705,I work in the hospitality industry in Paradise Valley and have refrained from recommending Cibo any longer.,negative,B000G6MBX2
706,The atmosphere here is fun.,positive,B000G6MBX2
707,Would not recommend to others.,negative,B000G6MBX2
708,"Service is quick and even ""to go"" orders are just like we like it!",positive,B000G6MBX2
709,"I mean really, how do you get so famous for your fish and chips when it's so terrible!?!",negative,B000G6MBX2
710,"That said, our mouths and bellies were still quite pleased.",positive,B000G6MBX2
711,Not my thing.,negative,B000G6MBX2
712,2 Thumbs Up!!,positive,B000G6MBX2
713,If you are reading this please don't go there.,negative,B000G6MBX2
714,"I loved the grilled pizza, reminded me of legit Italian pizza.",positive,B000G6MBX2
715,Only Pros : Large seating area/ Nice bar area/ Great simple drink menu/ The BEST brick oven pizza with homemade dough!,positive,B000G6MBX2
716,They have a really nice atmosphere.,positive,B000G6MBX2
717,Tonight I had the Elk Filet special...and it sucked.,negative,B000G6MBX2
718,"After one bite, I was hooked.",positive,B000G6MBX2
719,We ordered some old classics and some new dishes after going there a few times and were sorely disappointed with everything.,negative,B000G6MBX2
720,"Cute, quaint, simple, honest.",positive,B000G6MBX2
721,The chicken was deliciously seasoned and had the perfect fry on the outside and moist chicken on the inside.,positive,B000G6MBX2
722,"The food was great as always, compliments to the chef.",positive,B000G6MBX2
723,Special thanks to Dylan T. for the recommendation on what to order :) All yummy for my tummy.,positive,B000G6MBX2
724,Awesome selection of beer.,positive,B000G6MBX2
725,Great food and awesome service!,positive,B000G6MBX2
726,"One nice thing was that they added gratuity on the bill since our party was larger than 6 or 8, and they didn't expect more tip than that.",positive,B001F33UPI
727,A FLY was in my apple juice.. A FLY!!!!!!!!,negative,B001F33UPI
728,The Han Nan Chicken was also very tasty.,positive,B008BEGP9W
729,"As for the service, I thought it was good.",positive,B008BEGP9W
730,"The food was barely lukewarm, so it must have been sitting waiting for the server to bring it out to us.",negative,B002U56JXK
731,Ryan's Bar is definitely one Edinburgh establishment I won't be revisiting.,negative,B002U56JXK
732,Nicest Chinese restaurant I've been in a while.,positive,B007P2PSKS
733,"Overall, I like there food and the service.",positive,B004A8QK98
734,They also now serve Indian naan bread with hummus and some spicy pine nut sauce that was out of this world.,positive,B004A8QK98
735,"Probably never coming back, and wouldn't recommend it.",negative,B001HTKZ5S
736,"Friend's pasta -- also bad, he barely touched it.",negative,B001HTKZ5S
737,"Try them in the airport to experience some tasty food and speedy, friendly service.",positive,B001HTKZ5S
738,I love the decor with the Chinese calligraphy wall paper.,positive,B001HTKZ5S
739,Never had anything to complain about here.,positive,B001HTKZ5S
740,The restaurant is very clean and has a family restaurant feel to it.,positive,B001HTKZ5S
741,It was way over fried.,negative,B001HTKZ5S
742,I'm not sure how long we stood there but it was long enough for me to begin to feel awkwardly out of place.,negative,B001BB3LW6
743,"When I opened the sandwich, I was impressed, but not in a good way.",negative,B001BB3LW6
744,Will not be back!,negative,B005Y0DXBO
745,There was a warm feeling with the service and I felt like their guest for a special treat.,positive,B001LO4ZWI
746,An extensive menu provides lots of options for breakfast.,positive,B001LO4ZWI
747,"I always order from the vegetarian menu during dinner, which has a wide array of options to choose from.",positive,B000QWXG9O
748,"I have watched their prices inflate, portions get smaller and management attitudes grow rapidly!",negative,B000Y2EJHY
749,Wonderful lil tapas and the ambience made me feel all warm and fuzzy inside.,positive,B000Y2EJHY
750,"I got to enjoy the seafood salad, with a fabulous vinegrette.",positive,B004WJAUBE
751,"The wontons were thin, not thick and chewy, almost melt in your mouth.",positive,B0035YE9CS
752,"Level 5 spicy was perfect, where spice didn't over-whelm the soup.",positive,B0035YE9CS
753,We were sat right on time and our server from the get go was FANTASTIC!,positive,B0035YE9CS
754,"Main thing I didn't enjoy is that the crowd is of older crowd, around mid 30s and up.",negative,B0035YE9CS
755,"When I'm on this side of town, this will definitely be a spot I'll hit up again!",positive,B0035YE9CS
756,I had to wait over 30 minutes to get my drink and longer to get 2 arepas.,negative,B0035YE9CS
757,This is a GREAT place to eat!,positive,B0035YE9CS
758,The jalapeno bacon is soooo good.,positive,B0035YE9CS
759,The service was poor and thats being nice.,negative,B0035YE9CS
760,"Food was good, service was good, Prices were good.",positive,B006JWQFC0
761,The place was not clean and the food oh so stale!,negative,B006JWQFC0
762,"The chicken dishes are OK, the beef is like shoe leather.",negative,B009HINRX8
763,But the service was beyond bad.,negative,B009HINRX8
764,"I'm so happy to be here!!!""",positive,B009HINRX8
765,Tasted like dirt.,negative,B009HINRX8
766,One of the few places in Phoenix that I would definately go back to again .,positive,B009HINRX8
767,The block was amazing.,positive,B009HINRX8
768,"It's close to my house, it's low-key, non-fancy, affordable prices, good food.",positive,B0016J4QKO
769,* Both the Hot & Sour & the Egg Flower Soups were absolutely 5 Stars!,positive,B001EPPE42
770,My sashimi was poor quality being soggy and tasteless.,negative,B000NF69ZM
771,Great time - family dinner on a Sunday night.,positive,B000NF69ZM
772,"the food is not tasty at all, not to say its ""real traditional Hunan style"".",negative,B000NF69ZM
773,"What did bother me, was the slow service.",negative,B005YNDIAW
774,The flair bartenders are absolutely amazing!,positive,B005MZIJBU
775,Their frozen margaritas are WAY too sugary for my taste.,negative,B002KXDK48
776,These were so good we ordered them twice.,positive,B001FKQQDO
777,So in a nutshell: 1) The restaraunt smells like a combination of a dirty fish market and a sewer.,negative,B000WFM204
778,My girlfriend's veal was very bad.,negative,B007ZENY5W
779,"Unfortunately, it was not good.",negative,B002ONIVX4
780,I had a pretty satifying experience.,positive,B002GUWBMC
781,Join the club and get awesome offers via email.,positive,B0018DQFPC
782,"Perfect for someone (me) who only likes beer ice cold, or in this case, even colder.",positive,B0018DQFPC
783,Bland and flavorless is a good way of describing the barely tepid meat.,negative,B0018DQFPC
784,"The chains, which I'm no fan of, beat this place easily.",negative,B0018DQFPC
785,The nachos are a MUST HAVE!,positive,B0018DQFPC
786,We will not be coming back.,negative,B0018DQFPC
787,"I don't have very many words to say about this place, but it does everything pretty well.",positive,B0018DQFPC
788,"The staff is super nice and very quick even with the crazy crowds of the downtown juries, lawyers, and court staff.",positive,B0018DQFPC
789,"Great atmosphere, friendly and fast service.",positive,B0018DQFPC
790,When I received my Pita it was huge it did have a lot of meat in it so thumbs up there.,positive,B000UZMJZO
791,Once your food arrives it's meh.,negative,B000UZMJZO
792,Paying $7.85 for a hot dog and fries that looks like it came out of a kid's meal at the Wienerschnitzel is not my idea of a good meal.,negative,B000UZMJZO
793,The classic Maine Lobster Roll was fantastic.,positive,B000UZMJZO
794,"My brother in law who works at the mall ate here same day, and guess what he was sick all night too.",negative,B00285FF6O
795,So good I am going to have to review this place twice - once hereas a tribute to the place and once as a tribute to an event held here last night.,positive,B00285FF6O
796,"The chips and salsa were really good, the salsa was very fresh.",positive,B00285FF6O
797,This place is great!!!!!!!!!!!!!!,positive,B00285FF6O
798,Mediocre food.,negative,B00285FF6O
799,Once you get inside you'll be impressed with the place.,positive,B00285FF6O
800,I'm super pissd.,negative,B00285FF6O
801,And service was super friendly.,positive,B00285FF6O
802,Why are these sad little vegetables so overcooked?,negative,B0067R3Q9M
803,This place was such a nice surprise!,positive,B004S0AQHA
804,They were golden-crispy and delicious.,positive,B004S0AQHA
805,"I had high hopes for this place since the burgers are cooked over a charcoal grill, but unfortunately the taste fell flat, way flat.",negative,B004S0AQHA
806,I could eat their bruschetta all day it is devine.,positive,B004S0AQHA
807,Not a single employee came out to see if we were OK or even needed a water refill once they finally served us our food.,negative,B0030C9A60
808,"Lastly, the mozzarella sticks, they were the best thing we ordered.",positive,B0030C9A60
809,"The first time I ever came here I had an amazing experience, I still tell people how awesome the duck was.",positive,B0030C9A60
810,The server was very negligent of our needs and made us feel very unwelcome... I would not suggest this place!,negative,B0030C9A60
811,The service was terrible though.,negative,B0030C9A60
812,"This place is overpriced, not consistent with their boba, and it really is OVERPRICED!",negative,B004ET7MG8
813,It was packed!!,negative,B004ET7MG8
814,I love this place.,positive,B004ET7MG8
815,I can say that the desserts were yummy.,positive,B004ET7MG8
816,The food was terrible.,negative,B004ET7MG8
817,The seasonal fruit was fresh white peach puree.,positive,B003AO5DLO
818,It kept getting worse and worse so now I'm officially done.,negative,B003AO5DLO
819,This place should honestly be blown up.,negative,B003AO5DLO
820,But I definitely would not eat here again.,negative,B003AO5DLO
821,Do not waste your money here!,negative,B003AO5DLO
822,I love that they put their food in nice plastic containers as opposed to cramming it in little paper takeout boxes.,positive,B003AO5DLO
823,The cr√™pe was delicate and thin and moist.,positive,B003AO5DLO
824,Awful service.,negative,B003AO5DLO
825,Won't ever go here again.,negative,B003AO5DLO
826,Food quality has been horrible.,negative,B003AO5DLO
827,For that price I can think of a few place I would have much rather gone.,negative,B0007NG56I
828,The service here is fair at best.,negative,B0007NG56I
829,"I do love sushi, but I found Kabuki to be over-priced, over-hip and under-services.",negative,B0007NG56I
830,Do yourself a favor and stay away from this dish.,negative,B001EQ55BI
831,Very poor service.,negative,B000IXUISS
832,No one at the table thought the food was above average or worth the wait that we had for it.,negative,B000IXUISS
833,"Best service and food ever, Maria our server was so good and friendly she made our day.",positive,B001ELL9X6
834,They were excellent.,positive,B001ELL9X6
835,I paid the bill but did not tip because I felt the server did a terrible job.,negative,B001ELL9X6
836,Just had lunch here and had a great experience.,positive,B001ELL9X6
837,I have never had such bland food which surprised me considering the article we read focused so much on their spices and flavor.,negative,B001ELL9X6
838,Food is way overpriced and portions are fucking small.,negative,B001ELL9X6
839,I recently tried Caballero's and I have been back every week since!,positive,B001ELL9X6
840,"for 40 bucks a head, i really expect better food.",negative,B001ELL9X6
841,The food came out at a good pace.,positive,B001ELL9X6
842,"I ate there twice on my last visit, and especially enjoyed the salmon salad.",positive,B000UWSQT0
843,I won't be back.,negative,B000UWSQT0
844,We could not believe how dirty the oysters were!,negative,B000UWSQT0
845,This place deserves no stars.,negative,B000UWSQT0
846,I would not recommend this place.,negative,B000UWSQT0
847,"In fact I'm going to round up to 4 stars, just because she was so awesome.",positive,B0041CKRJC
848,"To my disbelief, each dish qualified as the worst version of these foods I have ever tasted.",negative,B0041CKRJC
849,"Bad day or not, I have a very low tolerance for rude customer service people, it is your job to be nice and polite, wash dishes otherwise!!",negative,B0041CKRJC
850,the potatoes were great and so was the biscuit.,positive,B0041CKRJC
851,I probably would not go here again.,negative,B0007NG568
852,So flavorful and has just the perfect amount of heat.,positive,B0007NG568
853,The price is reasonable and the service is great.,positive,B0007NG568
854,"The Wife hated her meal (coconut shrimp), and our friends really did not enjoy their meals, either.",negative,B0007NG568
855,My fella got the huevos rancheros and they didn't look too appealing.,negative,B0007NG568
856,"Went in for happy hour, great list of wines.",positive,B000VKYKTG
857,Some may say this buffet is pricey but I think you get what you pay for and this place you are getting quite a lot!,positive,B000VKYKTG
858,I probably won't be coming back here.,negative,B000VKYKTG
859,Worst food/service I've had in a while.,negative,B000VKYKTG
860,"This place is pretty good, nice little vibe in the restaurant.",positive,B000VKYKTG
861,Talk about great customer service of course we will be back.,positive,B000VKYKTG
862,"Hot dishes are not hot, cold dishes are close to room temp.I watched staff prepare food with BARE HANDS, no gloves.Everything is deep fried in oil.",negative,B000VKYKTG
863,I love their fries and their beans.,positive,B000VKYKTG
864,Always a pleasure dealing with him.,positive,B000VKYKTG
865,"They have a plethora of salads and sandwiches, and everything I've tried gets my seal of approval.",positive,B000VKYKTG
866,This place is awesome if you want something light and healthy during the summer.,positive,B000VKYKTG
867,"For sushi on the Strip, this is the place to go.",positive,B000VKYKTG
868,"The service was great, even the manager came and helped with our table.",positive,B000VKYKTG
869,The feel of the dining room was more college cooking course than high class dining and the service was slow at best.,negative,B000VKYKTG
870,"I started this review with two stars, but I'm editing it to give it only one.",negative,B000VKYKTG
871,this is the worst sushi i have ever eat besides Costco's.,negative,B000VKYKTG
872,"All in all an excellent restaurant highlighted by great service, a unique menu, and a beautiful setting.",positive,B000HDMUQ2
873,My boyfriend and i sat at the bar and had a completely delightful experience.,positive,B000HDMUQ2
874,Weird vibe from owners.,negative,B000HDMUQ2
875,There was hardly any meat.,negative,B000HDMUQ2
876,I've had better bagels from the grocery store.,negative,B000HDMUQ2
877,Go To Place for Gyros.,positive,B000HDMUQ2
878,"I love the owner/chef, his one authentic Japanese cool dude!",positive,B000HDMUQ2
879,"Now the burgers aren't as good, the pizza which used to be amazing is doughy and flavorless.",negative,B000HDMUQ2
880,I found a six inch long piece of wire in my salsa.,negative,B000HDMUQ2
881,"The service was terrible, food was mediocre.",negative,B000HDMUQ2
882,We definately enjoyed ourselves.,positive,B000HDMUQ2
883,I ordered Albondigas soup - which was just warm - and tasted like tomato soup with frozen meatballs.,negative,B000HDMUQ2
884,"On three different occasions I asked for well done or medium well, and all three times I got the bloodiest piece of meat on my plate.",negative,B000HDMUQ2
885,I had about two bites and refused to eat anymore.,negative,B000HDMUQ2
886,The service was extremely slow.,negative,B000HDMUQ2
887,"After 20 minutes wait, I got a table.",negative,B000HDMUQ2
888,Seriously killer hot chai latte.,positive,B000HDMUQ2
889,"No allergy warnings on the menu, and the waitress had absolutely no clue as to which meals did or did not contain peanuts.",negative,B000HDMUQ2
890,My boyfriend tried the Mediterranean Chicken Salad and fell in love.,positive,B000HDMUQ2
891,Their rotating beers on tap is also a highlight of this place.,positive,B000HDMUQ2
892,Pricing is a bit of a concern at Mellow Mushroom.,negative,B0041QIHC2
893,Worst Thai ever.,negative,B0041QIHC2
894,If you stay in Vegas you must get breakfast here at least once.,positive,B0041QIHC2
895,I want to first say our server was great and we had perfect service.,positive,B001ELL9XG
896,The pizza selections are good.,positive,B001ELL9XG
897,"I had strawberry tea, which was good.",positive,B001ELL9XG
898,Highly unprofessional and rude to a loyal patron!,negative,B002DXZI40
899,"Overall, a great experience.",positive,B000ER6YO0
900,Spend your money elsewhere.,negative,B000ER6YO0
901,Their regular toasted bread was equally satisfying with the occasional pats of butter... Mmmm...!,positive,B000ER6YO0
902,The Buffet at Bellagio was far from what I anticipated.,negative,B000ER6YO0
903,"And the drinks are WEAK, people!",negative,B000ER6YO0
904,-My order was not correct.,negative,B000ER6YO0
905,"Also, I feel like the chips are bought, not made in house.",negative,B000ER6YO0
906,After the disappointing dinner we went elsewhere for dessert.,negative,B000ER6YO0
907,The chips and sals a here is amazing!!!!!!!!!!!!!!!!!!!,positive,B000ER6YO0
908,We won't be returning.,negative,B000ER6YO0
909,This is my new fav Vegas buffet spot.,positive,B000ER6YO0
910,I seriously cannot believe that the owner has so many unexperienced employees that all are running around like chickens with their heads cut off.,negative,B000ER6YO0
911,"Very, very sad.",negative,B000ER6YO0
912,"i felt insulted and disrespected, how could you talk and judge another human being like that?",negative,B000ER6YO0
913,"How can you call yourself a steakhouse if you can't properly cook a steak, I don't understand!",negative,B000ER6YO0
914,I'm not impressed with the concept or the food.,negative,B000ER6YO0
915,The only thing I wasn't too crazy about was their guacamole as I don't like it pur√©ed.,negative,B000ER6YO0
916,"There is really nothing for me at postinos, hope your experience is better",negative,B000ER6YO0
917,I got food poisoning here at the buffet.,negative,B000ER6YO0
918,They brought a fresh batch of fries and I was thinking yay something warm but no!,negative,B000ER6YO0
919,"What SHOULD have been a hilarious, yummy Christmas Eve dinner to remember was the biggest fail of the entire trip for us.",negative,B000ER6YO0
920,"Needless to say, I won't be going back anytime soon.",negative,B000ER6YO0
921,This place is disgusting!,negative,B000ER6YO0
922,"Every time I eat here, I see caring teamwork to a professional degree.",positive,B000ER6YO0
923,The RI style calamari was a joke.,negative,B000ER6YO0
924,"However, there was so much garlic in the fondue, it was barely edible.",negative,B000ER6YO0
925,"I could barely stomach the meal, but didn't complain because it was a business lunch.",negative,B000ER6YO0
926,"It was so bad, I had lost the heart to finish it.",negative,B000ER6YO0
927,It also took her forever to bring us the check when we asked for it.,negative,B000ER6YO0
928,We aren't ones to make a scene at restaurants but I just don't get it...definitely lost the love after this one!,negative,B000ER6YO0
929,Disappointing experience.,negative,B000ER6YO0
930,"The food is about on par with Denny's, which is to say, not good at all.",negative,B000ER6YO0
931,"If you want to wait for mediocre food and downright terrible service, then this is the place for you.",negative,B000ER6YO0
932,WAAAAAAyyyyyyyyyy over rated is all I am saying.,negative,B000ER6YO0
933,We won't be going back.,negative,B000ER6YO0
934,The place was fairly clean but the food simply wasn't worth it.,negative,B000ER6YO0
935,This place lacked style!!,negative,B000ER6YO0
936,"The sangria was about half of a glass wine full and was $12, ridiculous.",negative,B000ER6YO0
937,Don't bother coming here.,negative,B000ER6YO0
938,"The meat was pretty dry, I had the sliced brisket and pulled pork.",negative,B000ER6YO0
939,"The building itself seems pretty neat, the bathroom is pretty trippy, but I wouldn't eat here again.",negative,B000ER6YO0
940,It was equally awful.,negative,B000ER6YO0
941,Probably not in a hurry to go back.,negative,B000ER6YO0
942,very slow at seating even with reservation.,negative,B000ER6YO0
943,Not good by any stretch of the imagination.,negative,B000ER6YO0
944,The cashew cream sauce was bland and the vegetables were undercooked.,negative,B000ER6YO0
945,"The chipolte ranch dipping sause was tasteless, seemed thin and watered down with no heat.",negative,B000ER6YO0
946,"It was a bit too sweet, not really spicy enough, and lacked flavor.",negative,B000ER6YO0
947,I was VERY disappointed!!,negative,B000ER6YO0
948,This place is horrible and way overpriced.,negative,B003KDCJYY
949,"Maybe it's just their Vegetarian fare, but I've been twice and I thought it was average at best.",negative,B000MTIYF2
950,It wasn't busy at all and now we know why.,negative,B002E0RIHM
951,The tables outside are also dirty a lot of the time and the workers are not always friendly and helpful with the menu.,negative,B002E0RIHM
952,"The ambiance here did not feel like a buffet setting, but more of a douchey indoor garden for tea and biscuits.",negative,B002E0RIHM
953,Con: spotty service.,negative,B000S806VM
954,"The fries were not hot, and neither was my burger.",negative,B000S806VM
955,But then they came back cold.,negative,B000S806VM
956,"Then our food came out, disappointment ensued.",negative,B000S806VM
957,The real disappointment was our waiter.,negative,B000S806VM
958,My husband said she was very rude... did not even apologize for the bad food or anything.,negative,B000S806VM
959,The only reason to eat here would be to fill up before a night of binge drinking just to get some carbs in your stomach.,negative,B000S806VM
960,"Insults, profound deuchebaggery, and had to go outside for a smoke break while serving just to solidify it.",negative,B000S806VM
961,If someone orders two tacos don't' you think it may be part of customer service to ask if it is combo or ala cart?,negative,B000S806VM
962,She was quite disappointed although some blame needs to be placed at her door.,negative,B000S806VM
963,After all the rave reviews I couldn't wait to eat here......what a disappointment!,negative,B000YT5DBS
964,Del Taco is pretty nasty and should be avoided if possible.,negative,B005NEXK6Y
965,It's NOT hard to make a decent hamburger.,negative,B005NEXK6Y
966,But I don't like it.,negative,B005NEXK6Y
967,Hell no will I go back,negative,B00448SNSA
968,We've have gotten a much better service from the pizza place next door than the services we received from this restaurant.,negative,B0002XIB2Y
969,"I don't know what the big deal is about this place, but I won't be back ""ya'all"".",negative,B0002XIB2Y
970,I immediately said I wanted to talk to the manager but I did not want to talk to the guy who was doing shots of fireball behind the bar.,negative,B0002XIB2Y
971,The ambiance isn't much better.,negative,B0002XIB2Y
972,"Unfortunately, it only set us up for disapppointment with our entrees.",negative,B000F0G75W
973,The food wasn't good.,negative,B001EQ4DVQ
974,"Your servers suck, wait, correction, our server Heimer sucked.",negative,B001EQ4DVQ
975,What happened next was pretty....off putting.,negative,B001EQ4DVQ
976,"too bad cause I know it's family owned, I really wanted to like this place.",negative,B001EQ4DVQ
977,Overpriced for what you are getting.,negative,B001EQ4DVQ
978,I vomited in the bathroom mid lunch.,negative,B001EQ4DVQ
979,"I kept looking at the time and it had soon become 35 minutes, yet still no food.",negative,B001EQ4DVQ
980,"I have been to very few places to eat that under no circumstances would I ever return to, and this tops the list.",negative,B001EQ4DVQ
981,We started with the tuna sashimi which was brownish in color and obviously wasn't fresh.,negative,B004DTNJU2
982,Food was below average.,negative,B004DTNJU2
983,It sure does beat the nachos at the movies but I would expect a little bit more coming from a restaurant.,negative,B004DTNJU2
984,"All in all, Ha Long Bay was a bit of a flop.",negative,B00473OV2E
985,The problem I have is that they charge $11.99 for a sandwich that is no bigger than a Subway sub (which offers better and more amount of vegetables).,negative,B00473OV2E
986,Shrimp- When I unwrapped it (I live only 1/2 a mile from Brushfire) it was literally ice cold.,negative,B0048IACB2
987,"It lacked flavor, seemed undercooked, and dry.",negative,B006F2NYI2
988,It really is impressive that the place hasn't closed down.,negative,B006F2NYI2
989,I would avoid this place if you are staying in the Mirage.,negative,B006F2NYI2
990,The refried beans that came with my meal were dried out and crusty and the food was bland.,negative,B006F2NYI2
991,Spend your money and time some place else.,negative,B006F2NYI2
992,A lady at the table next to us found a live green caterpillar In her salad.,negative,B006F2NYI2
993,the presentation of the food was awful.,negative,B006F2NYI2
994,I can't tell you how disappointed I was.,negative,B006F2NYI2
995,I think food should have flavor and texture and both were lacking.,negative,B006F2NYI2
996,Appetite instantly gone.,negative,B006F2NYI2
997,Overall I was not impressed and would not go back.,negative,B006F2NYI2
998,"The whole experience was underwhelming, and I think we'll just go to Ninja Sushi next time.",negative,B006F2NYI2
999,"Then, as if I hadn't wasted enough of my life there, they poured salt in the wound by drawing out the time it took to bring the check.",negative,B006F2NYI2
